{"cameraMode":{"drawMode":0,"name":"Shaded","section":"Shading Mode"},"sceneLighting":true,"audioPlay":false,"sceneViewState":{"m_AlwaysRefresh":false,"showFog":true,"showSkybox":true,"showFlares":true,"showImageEffects":true,"showParticleSystems":true,"showVisualEffectGraphs":true,"m_FxEnabled":true},"in2DMode":false,"pivot":{"x":-11.157624244689942,"y":1.5065410137176514,"z":13.544732093811036},"rotation":{"x":-0.09193363785743714,"y":0.23718512058258058,"z":-0.02254261076450348,"w":-0.9667495489120483},"size":24.117137908935548,"orthographic":false}